customer_id, first_name, last_name, spend_rate, available_money_rate, spend_money_in_usd, available_money_in_usd, month
0254558577, Lori, Guzman,Medium,Medium,1414,540,01-01-2012
0254558577, Lori, Guzman,Medium,Medium,1650,1464,01-02-2012
0254558577, Lori, Guzman,Low,Medium,403,1323,01-03-2012
0254558577, Lori, Guzman,Low,Medium,98,1432,01-04-2012
0254558577, Lori, Guzman,Low,Medium,61,986,01-05-2012
0254558577, Lori, Guzman,Low,Medium,106,971,01-06-2012
0254558577, Lori, Guzman,Medium,Medium,1218,1516,01-07-2012
0254558577, Lori, Guzman,Medium,Medium,1379,1386,01-08-2012
0254558577, Lori, Guzman,Medium,Medium,1513,896,01-09-2012
0254558577, Lori, Guzman,Medium,Medium,1855,708,01-10-2012
0254558577, Lori, Guzman,Medium,Medium,1010,1770,01-11-2012
0254558577, Lori, Guzman,Medium,Medium,941,779,01-12-2012
0254558577, Lori, Guzman,Low,Medium,138,634,01-01-2013
0254558577, Lori, Guzman,Low,Medium,22,1137,01-02-2013
0254558577, Lori, Guzman,Low,Medium,305,525,01-03-2013
0254558577, Lori, Guzman,Medium,Medium,1825,1569,01-04-2013
0254558577, Lori, Guzman,High,Medium,9260,899,01-05-2013
0254558577, Lori, Guzman,High,Medium,7883,1292,01-06-2013
0254558577, Lori, Guzman,High,Medium,5577,708,01-07-2013
0254558577, Lori, Guzman,High,Medium,2977,1353,01-08-2013
0254558577, Lori, Guzman,High,High,5689,7525,01-09-2013
0254558577, Lori, Guzman,High,High,2764,4445,01-10-2013
0254558577, Lori, Guzman,High,High,2351,2263,01-11-2013
0254558577, Lori, Guzman,High,High,5546,4078,01-12-2013
0254558577, Lori, Guzman,High,High,4287,5342,01-01-2014
0254558577, Lori, Guzman,High,High,6876,6125,01-02-2014
0254558577, Lori, Guzman,High,High,9510,6629,01-03-2014
0254558577, Lori, Guzman,High,High,2345,6380,01-04-2014
0254558577, Lori, Guzman,High,High,2827,8141,01-05-2014
0254558577, Lori, Guzman,Low,High,186,6546,01-06-2014
0254558577, Lori, Guzman,Low,High,206,3518,01-07-2014
0254558577, Lori, Guzman,Low,High,432,9269,01-08-2014
0254558577, Lori, Guzman,Low,High,299,2341,01-09-2014
0254558577, Lori, Guzman,Low,High,402,4088,01-10-2014
0254558577, Lori, Guzman,Low,High,362,3661,01-11-2014
0254558577, Lori, Guzman,High,High,4592,8606,01-12-2014
0254558577, Lori, Guzman,High,High,4627,5840,01-01-2015
0254558577, Lori, Guzman,High,High,5195,7470,01-02-2015
0254558577, Lori, Guzman,Medium,High,1684,6742,01-03-2015
0254558577, Lori, Guzman,Medium,High,1087,5779,01-04-2015
0254558577, Lori, Guzman,Medium,High,1227,2760,01-05-2015
0254558577, Lori, Guzman,Medium,High,817,6493,01-06-2015
0254558577, Lori, Guzman,High,High,2047,8952,01-07-2015
0254558577, Lori, Guzman,High,High,6994,9696,01-08-2015
0254558577, Lori, Guzman,High,High,3179,2085,01-09-2015
0254558577, Lori, Guzman,High,High,4931,5991,01-10-2015
0254558577, Lori, Guzman,High,High,8345,6893,01-11-2015
0254558577, Lori, Guzman,High,High,7473,5884,01-12-2015
0254558577, Lori, Guzman,High,High,7666,3944,01-01-2016
0254558577, Lori, Guzman,High,High,7667,8086,01-02-2016
0254558577, Lori, Guzman,High,Low,3505,82,01-03-2016
0254558577, Lori, Guzman,High,Low,4023,227,01-04-2016
0254558577, Lori, Guzman,High,Low,6070,355,01-05-2016
0254558577, Lori, Guzman,High,Low,3157,146,01-06-2016
0254558577, Lori, Guzman,Low,Low,404,188,01-07-2016
0254558577, Lori, Guzman,Low,Low,449,155,01-08-2016
0254558577, Lori, Guzman,Low,Low,223,176,01-09-2016
0254558577, Lori, Guzman,Low,Low,58,254,01-10-2016
0254558577, Lori, Guzman,High,Low,3528,22,01-11-2016
0254558577, Lori, Guzman,High,Low,2452,151,01-12-2016
0254558577, Lori, Guzman,Low,Low,356,464,01-01-2017
0254558577, Lori, Guzman,High,Low,5069,293,01-02-2017
0254558577, Lori, Guzman,High,Low,4829,445,01-03-2017
0254558577, Lori, Guzman,High,Low,2417,381,01-04-2017
0254558577, Lori, Guzman,High,Low,3203,426,01-05-2017
0254558577, Lori, Guzman,High,Low,6290,455,01-06-2017
0254558577, Lori, Guzman,High,Low,4710,62,01-07-2017
0254558577, Lori, Guzman,High,Low,9845,127,01-08-2017
0254558577, Lori, Guzman,Low,Low,448,320,01-09-2017
0254558577, Lori, Guzman,Medium,Low,1636,467,01-10-2017
0254558577, Lori, Guzman,Medium,Low,1801,133,01-11-2017
0254558577, Lori, Guzman,Medium,Low,730,497,01-12-2017
0254558577, Lori, Guzman,Medium,Low,732,98,01-01-2018
0254558577, Lori, Guzman,Medium,Low,1469,25,01-02-2018
0254558577, Lori, Guzman,Low,Low,396,92,01-03-2018
0254558577, Lori, Guzman,High,Low,8276,471,01-04-2018
0254558577, Lori, Guzman,High,Low,6325,430,01-05-2018
0254558577, Lori, Guzman,High,Low,6992,207,01-06-2018
0254558577, Lori, Guzman,High,Low,6522,254,01-07-2018
0254558577, Lori, Guzman,High,Low,2851,473,01-08-2018
0254558577, Lori, Guzman,High,Low,8333,421,01-09-2018
0254558577, Lori, Guzman,High,Low,5239,148,01-10-2018
0254558577, Lori, Guzman,High,Low,3955,454,01-11-2018
0254558577, Lori, Guzman,High,Low,8707,375,01-12-2018
0254558577, Lori, Guzman,Low,Low,98,277,01-01-2019
0254558577, Lori, Guzman,Low,Low,439,72,01-02-2019
0254558577, Lori, Guzman,Low,Low,180,188,01-03-2019
0254558577, Lori, Guzman,Low,Low,354,12,01-04-2019
0254558577, Lori, Guzman,Low,Low,365,120,01-05-2019
0254558577, Lori, Guzman,Medium,Low,908,449,01-06-2019
0254558577, Lori, Guzman,Low,Low,34,62,01-07-2019
0254558577, Lori, Guzman,Low,Low,29,150,01-08-2019
0254558577, Lori, Guzman,Low,Low,93,454,01-09-2019
0254558577, Lori, Guzman,Low,Low,205,59,01-10-2019
0254558577, Lori, Guzman,Low,Low,248,219,01-11-2019
0254558577, Lori, Guzman,Low,Low,381,160,01-12-2019
0254558577, Lori, Guzman,Low,Low,153,317,01-01-2020
0254558577, Lori, Guzman,Low,Low,486,478,01-02-2020
0254558577, Lori, Guzman,Low,Low,252,323,01-03-2020
0254558577, Lori, Guzman,Low,Low,144,111,01-04-2020
0254558577, Lori, Guzman,Low,Low,264,169,01-05-2020
0254558577, Lori, Guzman,Low,Low,243,344,01-06-2020
0254558577, Lori, Guzman,Low,Low,175,337,01-07-2020
0254558577, Lori, Guzman,Low,Low,110,347,01-08-2020
0254558577, Lori, Guzman,Low,Low,113,126,01-09-2020
0254558577, Lori, Guzman,Low,Low,271,442,01-10-2020
0254558577, Lori, Guzman,Low,Medium,207,1576,01-11-2020
0254558577, Lori, Guzman,Low,Medium,118,726,01-12-2020
0254558577, Lori, Guzman,Low,Medium,297,1161,01-01-2021
0254558577, Lori, Guzman,Low,Medium,364,809,01-02-2021
0254558577, Lori, Guzman,Low,Medium,350,556,01-03-2021
0254558577, Lori, Guzman,Low,Low,397,449,01-04-2021
0254558577, Lori, Guzman,Low,High,24,3718,01-05-2021
0254558577, Lori, Guzman,Low,High,319,9885,01-06-2021
0254558577, Lori, Guzman,Low,Low,113,386,01-07-2021
0254558577, Lori, Guzman,Low,Low,454,369,01-08-2021
0254558577, Lori, Guzman,Low,Low,26,398,01-09-2021
0254558577, Lori, Guzman,Low,Low,215,477,01-10-2021
0254558577, Lori, Guzman,Low,Low,312,186,01-11-2021
0254558577, Lori, Guzman,Low,Low,487,380,01-12-2021
1737533871, Jennifer, Thompson,Medium,Low,1244,159,01-01-2012
1737533871, Jennifer, Thompson,High,Low,3914,376,01-02-2012
1737533871, Jennifer, Thompson,Medium,Low,882,48,01-03-2012
1737533871, Jennifer, Thompson,Medium,Low,1751,481,01-04-2012
1737533871, Jennifer, Thompson,Medium,Low,543,455,01-05-2012
1737533871, Jennifer, Thompson,Medium,Low,1834,163,01-06-2012
1737533871, Jennifer, Thompson,Medium,Low,1230,244,01-07-2012
1737533871, Jennifer, Thompson,Medium,Low,898,353,01-08-2012
1737533871, Jennifer, Thompson,Low,Low,280,345,01-09-2012
1737533871, Jennifer, Thompson,Medium,Low,1357,442,01-10-2012
1737533871, Jennifer, Thompson,Medium,Low,1662,289,01-11-2012
1737533871, Jennifer, Thompson,Medium,Low,1053,335,01-12-2012
1737533871, Jennifer, Thompson,Medium,Low,1987,470,01-01-2013
1737533871, Jennifer, Thompson,Medium,Medium,1869,1766,01-02-2013
1737533871, Jennifer, Thompson,Medium,Medium,1573,1679,01-03-2013
1737533871, Jennifer, Thompson,Medium,Medium,1957,1335,01-04-2013
1737533871, Jennifer, Thompson,Medium,Medium,1663,1785,01-05-2013
1737533871, Jennifer, Thompson,Medium,Medium,1035,1687,01-06-2013
1737533871, Jennifer, Thompson,Low,High,420,4295,01-07-2013
1737533871, Jennifer, Thompson,Low,High,491,5476,01-08-2013
1737533871, Jennifer, Thompson,Low,High,361,8609,01-09-2013
1737533871, Jennifer, Thompson,Low,High,479,7800,01-10-2013
1737533871, Jennifer, Thompson,Low,High,202,3777,01-11-2013
1737533871, Jennifer, Thompson,High,High,9323,3601,01-12-2013
1737533871, Jennifer, Thompson,High,High,9534,5941,01-01-2014
1737533871, Jennifer, Thompson,High,High,7527,8476,01-02-2014
1737533871, Jennifer, Thompson,High,Medium,7804,884,01-03-2014
1737533871, Jennifer, Thompson,Medium,Medium,1908,1388,01-04-2014
1737533871, Jennifer, Thompson,Medium,High,1961,3210,01-05-2014
1737533871, Jennifer, Thompson,Medium,High,729,9919,01-06-2014
1737533871, Jennifer, Thompson,Medium,High,1153,4586,01-07-2014
1737533871, Jennifer, Thompson,Medium,High,757,9244,01-08-2014
1737533871, Jennifer, Thompson,High,High,5315,3438,01-09-2014
1737533871, Jennifer, Thompson,High,High,5228,5911,01-10-2014
1737533871, Jennifer, Thompson,High,High,8054,9581,01-11-2014
1737533871, Jennifer, Thompson,Medium,High,511,7578,01-12-2014
1737533871, Jennifer, Thompson,Medium,High,1143,6689,01-01-2015
1737533871, Jennifer, Thompson,Medium,High,657,5111,01-02-2015
1737533871, Jennifer, Thompson,Medium,High,1557,6890,01-03-2015
1737533871, Jennifer, Thompson,Medium,Medium,1577,899,01-04-2015
1737533871, Jennifer, Thompson,Medium,Medium,1696,933,01-05-2015
1737533871, Jennifer, Thompson,Low,Medium,131,1393,01-06-2015
1737533871, Jennifer, Thompson,Low,Medium,347,1501,01-07-2015
1737533871, Jennifer, Thompson,Low,Medium,190,1631,01-08-2015
1737533871, Jennifer, Thompson,Low,Medium,474,1915,01-09-2015
1737533871, Jennifer, Thompson,Low,Medium,475,698,01-10-2015
1737533871, Jennifer, Thompson,Low,Medium,303,585,01-11-2015
1737533871, Jennifer, Thompson,Low,Medium,331,1824,01-12-2015
1737533871, Jennifer, Thompson,Low,Medium,17,1398,01-01-2016
1737533871, Jennifer, Thompson,Low,Medium,321,1930,01-02-2016
1737533871, Jennifer, Thompson,Low,High,242,2552,01-03-2016
1737533871, Jennifer, Thompson,Low,High,72,9363,01-04-2016
1737533871, Jennifer, Thompson,Low,High,387,2675,01-05-2016
1737533871, Jennifer, Thompson,Low,High,51,8863,01-06-2016
1737533871, Jennifer, Thompson,Low,High,206,8090,01-07-2016
1737533871, Jennifer, Thompson,Low,High,92,4695,01-08-2016
1737533871, Jennifer, Thompson,High,High,6370,7039,01-09-2016
1737533871, Jennifer, Thompson,High,High,2417,7412,01-10-2016
1737533871, Jennifer, Thompson,High,High,3118,5546,01-11-2016
1737533871, Jennifer, Thompson,High,High,4068,8107,01-12-2016
1737533871, Jennifer, Thompson,High,High,6007,6812,01-01-2017
1737533871, Jennifer, Thompson,Low,High,219,4207,01-02-2017
1737533871, Jennifer, Thompson,Low,High,303,7451,01-03-2017
1737533871, Jennifer, Thompson,Low,High,308,2515,01-04-2017
1737533871, Jennifer, Thompson,Low,High,309,6467,01-05-2017
1737533871, Jennifer, Thompson,Low,High,236,6606,01-06-2017
1737533871, Jennifer, Thompson,Low,High,224,7184,01-07-2017
1737533871, Jennifer, Thompson,Low,High,109,7506,01-08-2017
1737533871, Jennifer, Thompson,Medium,High,1966,9890,01-09-2017
1737533871, Jennifer, Thompson,Medium,High,1176,6233,01-10-2017
1737533871, Jennifer, Thompson,Low,High,202,3398,01-11-2017
1737533871, Jennifer, Thompson,Low,High,70,4835,01-12-2017
1737533871, Jennifer, Thompson,Low,High,185,3380,01-01-2018
1737533871, Jennifer, Thompson,Low,High,45,2635,01-02-2018
1737533871, Jennifer, Thompson,Low,High,93,5513,01-03-2018
1737533871, Jennifer, Thompson,High,Low,6132,485,01-04-2018
1737533871, Jennifer, Thompson,High,Low,2794,242,01-05-2018
1737533871, Jennifer, Thompson,Medium,Low,1482,362,01-06-2018
1737533871, Jennifer, Thompson,High,Low,7337,412,01-07-2018
1737533871, Jennifer, Thompson,High,Low,8384,16,01-08-2018
1737533871, Jennifer, Thompson,High,Low,5910,101,01-09-2018
1737533871, Jennifer, Thompson,High,Low,6274,389,01-10-2018
1737533871, Jennifer, Thompson,Medium,Low,1864,308,01-11-2018
1737533871, Jennifer, Thompson,Medium,Medium,1992,837,01-12-2018
1737533871, Jennifer, Thompson,Medium,Medium,994,958,01-01-2019
1737533871, Jennifer, Thompson,Medium,High,1788,3476,01-02-2019
1737533871, Jennifer, Thompson,Medium,High,953,8672,01-03-2019
1737533871, Jennifer, Thompson,Medium,High,1749,2435,01-04-2019
1737533871, Jennifer, Thompson,Medium,High,1998,7510,01-05-2019
1737533871, Jennifer, Thompson,Medium,High,690,3231,01-06-2019
1737533871, Jennifer, Thompson,High,High,6617,8043,01-07-2019
1737533871, Jennifer, Thompson,High,High,2707,8326,01-08-2019
1737533871, Jennifer, Thompson,High,High,8577,7139,01-09-2019
1737533871, Jennifer, Thompson,High,High,6889,4843,01-10-2019
1737533871, Jennifer, Thompson,High,High,6155,8359,01-11-2019
1737533871, Jennifer, Thompson,High,High,7830,4891,01-12-2019
1737533871, Jennifer, Thompson,High,High,4386,3369,01-01-2020
1737533871, Jennifer, Thompson,High,Low,3494,108,01-02-2020
1737533871, Jennifer, Thompson,High,Low,4107,64,01-03-2020
1737533871, Jennifer, Thompson,Low,Low,466,316,01-04-2020
1737533871, Jennifer, Thompson,High,Low,3359,363,01-05-2020
1737533871, Jennifer, Thompson,High,Low,2833,104,01-06-2020
1737533871, Jennifer, Thompson,High,Low,7179,157,01-07-2020
1737533871, Jennifer, Thompson,High,Low,6810,112,01-08-2020
1737533871, Jennifer, Thompson,Low,Medium,66,1729,01-09-2020
1737533871, Jennifer, Thompson,Low,Medium,342,1007,01-10-2020
1737533871, Jennifer, Thompson,Medium,Medium,928,939,01-11-2020
1737533871, Jennifer, Thompson,Medium,Medium,1145,1221,01-12-2020
1737533871, Jennifer, Thompson,Medium,Medium,728,1421,01-01-2021
1737533871, Jennifer, Thompson,Medium,Medium,1051,1693,01-02-2021
1737533871, Jennifer, Thompson,Medium,Medium,1799,1196,01-03-2021
1737533871, Jennifer, Thompson,Medium,Medium,1902,993,01-04-2021
1737533871, Jennifer, Thompson,Low,Medium,230,1914,01-05-2021
1737533871, Jennifer, Thompson,Low,Medium,259,890,01-06-2021
1737533871, Jennifer, Thompson,Low,Medium,285,1917,01-07-2021
1737533871, Jennifer, Thompson,Low,Medium,92,1753,01-08-2021
1737533871, Jennifer, Thompson,Medium,Medium,866,1573,01-09-2021
1737533871, Jennifer, Thompson,Medium,Medium,646,2000,01-10-2021
1737533871, Jennifer, Thompson,Medium,Medium,567,1451,01-11-2021
1737533871, Jennifer, Thompson,Low,Medium,387,549,01-12-2021
169107568X, Christopher, Turner,High,Low,7338,145,01-01-2012
169107568X, Christopher, Turner,Low,Low,125,172,01-02-2012
169107568X, Christopher, Turner,Low,Low,158,27,01-03-2012
169107568X, Christopher, Turner,Medium,Low,1339,418,01-04-2012
169107568X, Christopher, Turner,Medium,Low,1260,456,01-05-2012
169107568X, Christopher, Turner,Medium,Low,782,471,01-06-2012
169107568X, Christopher, Turner,High,Low,7302,35,01-07-2012
169107568X, Christopher, Turner,High,Low,8751,314,01-08-2012
169107568X, Christopher, Turner,High,Low,9961,329,01-09-2012
169107568X, Christopher, Turner,High,Medium,4049,886,01-10-2012
169107568X, Christopher, Turner,High,Medium,9219,1543,01-11-2012
169107568X, Christopher, Turner,High,Medium,3751,1063,01-12-2012
169107568X, Christopher, Turner,High,Medium,4360,1455,01-01-2013
169107568X, Christopher, Turner,High,Medium,3989,1149,01-02-2013
169107568X, Christopher, Turner,Medium,Low,1706,90,01-03-2013
169107568X, Christopher, Turner,Medium,Low,746,177,01-04-2013
169107568X, Christopher, Turner,Medium,Low,1153,76,01-05-2013
169107568X, Christopher, Turner,High,Low,2823,47,01-06-2013
169107568X, Christopher, Turner,High,Low,8579,161,01-07-2013
169107568X, Christopher, Turner,High,Low,2898,154,01-08-2013
169107568X, Christopher, Turner,High,Low,5003,322,01-09-2013
169107568X, Christopher, Turner,High,Low,3972,324,01-10-2013
169107568X, Christopher, Turner,Low,Low,438,457,01-11-2013
169107568X, Christopher, Turner,Low,Low,66,73,01-12-2013
169107568X, Christopher, Turner,Low,Low,198,309,01-01-2014
169107568X, Christopher, Turner,Low,Low,401,261,01-02-2014
169107568X, Christopher, Turner,Low,Low,472,374,01-03-2014
169107568X, Christopher, Turner,High,Low,2266,418,01-04-2014
169107568X, Christopher, Turner,Medium,Low,778,220,01-05-2014
169107568X, Christopher, Turner,Medium,Low,1725,240,01-06-2014
169107568X, Christopher, Turner,Medium,Medium,786,835,01-07-2014
169107568X, Christopher, Turner,Medium,Medium,1856,1612,01-08-2014
169107568X, Christopher, Turner,Medium,Medium,1800,1620,01-09-2014
169107568X, Christopher, Turner,Medium,Medium,1311,615,01-10-2014
169107568X, Christopher, Turner,Medium,Medium,1628,1520,01-11-2014
169107568X, Christopher, Turner,Medium,Medium,1002,1220,01-12-2014
169107568X, Christopher, Turner,Medium,Medium,912,1255,01-01-2015
169107568X, Christopher, Turner,Medium,Medium,1091,1283,01-02-2015
169107568X, Christopher, Turner,Medium,Medium,734,1732,01-03-2015
169107568X, Christopher, Turner,Medium,Medium,699,582,01-04-2015
169107568X, Christopher, Turner,Medium,Medium,1770,1288,01-05-2015
169107568X, Christopher, Turner,Medium,Medium,1617,802,01-06-2015
169107568X, Christopher, Turner,Medium,Medium,1139,780,01-07-2015
169107568X, Christopher, Turner,Medium,Medium,1503,1198,01-08-2015
169107568X, Christopher, Turner,Medium,Medium,1242,1974,01-09-2015
169107568X, Christopher, Turner,Medium,Medium,1734,1358,01-10-2015
169107568X, Christopher, Turner,Medium,Medium,1422,566,01-11-2015
169107568X, Christopher, Turner,Medium,Medium,1930,1097,01-12-2015
169107568X, Christopher, Turner,Medium,Medium,1197,957,01-01-2016
169107568X, Christopher, Turner,Medium,Medium,1334,1450,01-02-2016
169107568X, Christopher, Turner,Medium,Medium,1291,1651,01-03-2016
169107568X, Christopher, Turner,Medium,Low,1508,108,01-04-2016
169107568X, Christopher, Turner,Medium,Low,1360,63,01-05-2016
169107568X, Christopher, Turner,Medium,Low,1789,434,01-06-2016
169107568X, Christopher, Turner,Medium,Low,584,399,01-07-2016
169107568X, Christopher, Turner,Medium,Low,1422,489,01-08-2016
169107568X, Christopher, Turner,Medium,Low,840,310,01-09-2016
169107568X, Christopher, Turner,Medium,Low,1012,116,01-10-2016
169107568X, Christopher, Turner,Medium,Low,1511,148,01-11-2016
169107568X, Christopher, Turner,Medium,Low,1714,224,01-12-2016
169107568X, Christopher, Turner,Medium,Low,1171,290,01-01-2017
169107568X, Christopher, Turner,Medium,Low,1879,50,01-02-2017
169107568X, Christopher, Turner,Medium,Low,1537,78,01-03-2017
169107568X, Christopher, Turner,Medium,Low,1749,82,01-04-2017
169107568X, Christopher, Turner,Low,Low,343,462,01-05-2017
169107568X, Christopher, Turner,Low,Low,136,326,01-06-2017
169107568X, Christopher, Turner,Low,Low,392,45,01-07-2017
169107568X, Christopher, Turner,Low,Low,255,148,01-08-2017
169107568X, Christopher, Turner,Low,Low,421,230,01-09-2017
169107568X, Christopher, Turner,Low,Low,88,442,01-10-2017
169107568X, Christopher, Turner,Low,Low,324,70,01-11-2017
169107568X, Christopher, Turner,High,Low,7227,397,01-12-2017
169107568X, Christopher, Turner,Medium,Low,1525,296,01-01-2018
169107568X, Christopher, Turner,Medium,Low,541,111,01-02-2018
169107568X, Christopher, Turner,Medium,Low,1773,395,01-03-2018
169107568X, Christopher, Turner,Medium,Low,1043,83,01-04-2018
169107568X, Christopher, Turner,High,Low,2057,55,01-05-2018
169107568X, Christopher, Turner,Low,Low,243,377,01-06-2018
169107568X, Christopher, Turner,High,Low,7019,370,01-07-2018
169107568X, Christopher, Turner,High,Low,3302,455,01-08-2018
169107568X, Christopher, Turner,Medium,Low,836,340,01-09-2018
169107568X, Christopher, Turner,Medium,Low,706,11,01-10-2018
169107568X, Christopher, Turner,Medium,Low,1617,18,01-11-2018
169107568X, Christopher, Turner,Medium,Low,1620,309,01-12-2018
169107568X, Christopher, Turner,Medium,Low,720,268,01-01-2019
169107568X, Christopher, Turner,Medium,Low,1242,201,01-02-2019
169107568X, Christopher, Turner,Medium,Medium,1934,866,01-03-2019
169107568X, Christopher, Turner,Low,Medium,391,1855,01-04-2019
169107568X, Christopher, Turner,High,Medium,7605,927,01-05-2019
169107568X, Christopher, Turner,High,Medium,4360,1138,01-06-2019
169107568X, Christopher, Turner,High,Medium,3564,974,01-07-2019
169107568X, Christopher, Turner,High,Medium,2792,1212,01-08-2019
169107568X, Christopher, Turner,High,Medium,9536,1398,01-09-2019
169107568X, Christopher, Turner,High,Medium,7125,1132,01-10-2019
169107568X, Christopher, Turner,High,Medium,5088,653,01-11-2019
169107568X, Christopher, Turner,Low,Medium,169,1267,01-12-2019
169107568X, Christopher, Turner,High,Medium,6352,992,01-01-2020
169107568X, Christopher, Turner,High,Medium,8030,1562,01-02-2020
169107568X, Christopher, Turner,High,Medium,8654,1014,01-03-2020
169107568X, Christopher, Turner,High,Medium,5338,1029,01-04-2020
169107568X, Christopher, Turner,High,Medium,6407,1359,01-05-2020
169107568X, Christopher, Turner,High,Medium,2679,1488,01-06-2020
169107568X, Christopher, Turner,High,Medium,8285,1638,01-07-2020
169107568X, Christopher, Turner,High,Medium,3440,1347,01-08-2020
169107568X, Christopher, Turner,High,Medium,8592,1650,01-09-2020
169107568X, Christopher, Turner,High,Medium,5961,1305,01-10-2020
169107568X, Christopher, Turner,High,Medium,5604,1776,01-11-2020
169107568X, Christopher, Turner,High,Medium,6869,745,01-12-2020
169107568X, Christopher, Turner,Medium,Medium,1362,1004,01-01-2021
169107568X, Christopher, Turner,Low,Low,15,159,01-02-2021
169107568X, Christopher, Turner,Low,Low,94,345,01-03-2021
169107568X, Christopher, Turner,High,Low,9077,51,01-04-2021
169107568X, Christopher, Turner,High,Low,6431,464,01-05-2021
169107568X, Christopher, Turner,High,Low,2294,126,01-06-2021
169107568X, Christopher, Turner,High,Low,3325,337,01-07-2021
169107568X, Christopher, Turner,High,Low,8739,336,01-08-2021
169107568X, Christopher, Turner,Medium,Low,1802,384,01-09-2021
169107568X, Christopher, Turner,Medium,Low,1799,33,01-10-2021
169107568X, Christopher, Turner,Medium,Low,709,466,01-11-2021
169107568X, Christopher, Turner,Medium,Low,1405,122,01-12-2021
0627892167, Daniel, Rowe,High,High,2624,2845,01-01-2012
0627892167, Daniel, Rowe,High,High,8821,3464,01-02-2012
0627892167, Daniel, Rowe,High,Medium,3452,1537,01-03-2012
0627892167, Daniel, Rowe,High,Medium,3785,912,01-04-2012
0627892167, Daniel, Rowe,High,Medium,7140,1425,01-05-2012
0627892167, Daniel, Rowe,High,Medium,7842,1978,01-06-2012
0627892167, Daniel, Rowe,High,Medium,3947,967,01-07-2012
0627892167, Daniel, Rowe,High,Low,6696,158,01-08-2012
0627892167, Daniel, Rowe,Medium,Low,810,276,01-09-2012
0627892167, Daniel, Rowe,Medium,Low,668,208,01-10-2012
0627892167, Daniel, Rowe,Medium,Low,1076,464,01-11-2012
0627892167, Daniel, Rowe,Medium,Medium,1935,1964,01-12-2012
0627892167, Daniel, Rowe,Medium,Medium,719,1498,01-01-2013
0627892167, Daniel, Rowe,Medium,Low,984,196,01-02-2013
0627892167, Daniel, Rowe,Medium,Low,1797,353,01-03-2013
0627892167, Daniel, Rowe,High,Low,8289,337,01-04-2013
0627892167, Daniel, Rowe,High,Low,5865,350,01-05-2013
0627892167, Daniel, Rowe,Low,Low,144,45,01-06-2013
0627892167, Daniel, Rowe,Low,Low,317,453,01-07-2013
0627892167, Daniel, Rowe,Low,Low,500,460,01-08-2013
0627892167, Daniel, Rowe,High,Low,4221,221,01-09-2013
0627892167, Daniel, Rowe,High,Low,4901,37,01-10-2013
0627892167, Daniel, Rowe,High,Low,3169,343,01-11-2013
0627892167, Daniel, Rowe,High,Low,3468,105,01-12-2013
0627892167, Daniel, Rowe,High,Low,2250,349,01-01-2014
0627892167, Daniel, Rowe,High,Low,6112,434,01-02-2014
0627892167, Daniel, Rowe,High,Low,9249,432,01-03-2014
0627892167, Daniel, Rowe,Low,Low,63,181,01-04-2014
0627892167, Daniel, Rowe,Low,Low,171,312,01-05-2014
0627892167, Daniel, Rowe,Low,Low,374,124,01-06-2014
0627892167, Daniel, Rowe,Low,Medium,73,1663,01-07-2014
0627892167, Daniel, Rowe,Low,Medium,300,1822,01-08-2014
0627892167, Daniel, Rowe,Low,Medium,56,571,01-09-2014
0627892167, Daniel, Rowe,Low,Medium,350,582,01-10-2014
0627892167, Daniel, Rowe,Low,Medium,194,1285,01-11-2014
0627892167, Daniel, Rowe,High,Medium,6408,1514,01-12-2014
0627892167, Daniel, Rowe,High,Medium,9807,1108,01-01-2015
0627892167, Daniel, Rowe,High,Medium,4585,760,01-02-2015
0627892167, Daniel, Rowe,High,Medium,7164,1039,01-03-2015
0627892167, Daniel, Rowe,High,Medium,3003,526,01-04-2015
0627892167, Daniel, Rowe,High,Medium,6618,670,01-05-2015
0627892167, Daniel, Rowe,High,Low,3365,348,01-06-2015
0627892167, Daniel, Rowe,Low,Low,43,57,01-07-2015
0627892167, Daniel, Rowe,Low,Low,342,360,01-08-2015
0627892167, Daniel, Rowe,Low,Low,48,113,01-09-2015
0627892167, Daniel, Rowe,Low,High,264,2856,01-10-2015
0627892167, Daniel, Rowe,Low,High,398,3579,01-11-2015
0627892167, Daniel, Rowe,Low,High,426,2246,01-12-2015
0627892167, Daniel, Rowe,Low,High,425,6140,01-01-2016
0627892167, Daniel, Rowe,Low,High,20,2765,01-02-2016
0627892167, Daniel, Rowe,Low,Low,379,401,01-03-2016
0627892167, Daniel, Rowe,Low,Low,88,498,01-04-2016
0627892167, Daniel, Rowe,Low,Low,175,245,01-05-2016
0627892167, Daniel, Rowe,Low,Low,317,229,01-06-2016
0627892167, Daniel, Rowe,Low,Low,494,17,01-07-2016
0627892167, Daniel, Rowe,Low,Low,324,392,01-08-2016
0627892167, Daniel, Rowe,Low,Low,14,57,01-09-2016
0627892167, Daniel, Rowe,High,Low,5735,252,01-10-2016
0627892167, Daniel, Rowe,High,Low,2137,302,01-11-2016
0627892167, Daniel, Rowe,Medium,Low,1304,239,01-12-2016
0627892167, Daniel, Rowe,Medium,Low,1305,79,01-01-2017
0627892167, Daniel, Rowe,Medium,Low,1136,41,01-02-2017
0627892167, Daniel, Rowe,Low,Low,475,270,01-03-2017
0627892167, Daniel, Rowe,Low,Low,213,31,01-04-2017
0627892167, Daniel, Rowe,Low,Low,468,218,01-05-2017
0627892167, Daniel, Rowe,Low,Low,138,111,01-06-2017
0627892167, Daniel, Rowe,Medium,Low,797,61,01-07-2017
0627892167, Daniel, Rowe,High,Medium,5759,909,01-08-2017
0627892167, Daniel, Rowe,High,Medium,8882,748,01-09-2017
0627892167, Daniel, Rowe,High,Medium,5798,923,01-10-2017
0627892167, Daniel, Rowe,High,Medium,5300,1301,01-11-2017
0627892167, Daniel, Rowe,High,Medium,7406,617,01-12-2017
0627892167, Daniel, Rowe,High,Medium,4216,1557,01-01-2018
0627892167, Daniel, Rowe,High,Medium,5529,749,01-02-2018
0627892167, Daniel, Rowe,Low,Medium,36,1826,01-03-2018
0627892167, Daniel, Rowe,Low,Medium,153,1616,01-04-2018
0627892167, Daniel, Rowe,Low,Medium,403,1396,01-05-2018
0627892167, Daniel, Rowe,Low,Medium,367,780,01-06-2018
0627892167, Daniel, Rowe,Low,Medium,464,1285,01-07-2018
0627892167, Daniel, Rowe,Low,Low,423,408,01-08-2018
0627892167, Daniel, Rowe,Medium,Low,1498,473,01-09-2018
0627892167, Daniel, Rowe,Medium,Low,1551,262,01-10-2018
0627892167, Daniel, Rowe,Medium,Low,1980,223,01-11-2018
0627892167, Daniel, Rowe,Medium,Low,1821,218,01-12-2018
0627892167, Daniel, Rowe,Medium,Low,1605,24,01-01-2019
0627892167, Daniel, Rowe,Medium,Low,572,111,01-02-2019
0627892167, Daniel, Rowe,High,Low,7472,390,01-03-2019
0627892167, Daniel, Rowe,Medium,Low,1622,64,01-04-2019
0627892167, Daniel, Rowe,Low,Low,240,117,01-05-2019
0627892167, Daniel, Rowe,Low,Low,239,217,01-06-2019
0627892167, Daniel, Rowe,Low,Low,441,298,01-07-2019
0627892167, Daniel, Rowe,Low,High,164,2120,01-08-2019
0627892167, Daniel, Rowe,Low,High,205,9743,01-09-2019
0627892167, Daniel, Rowe,Low,High,446,9097,01-10-2019
0627892167, Daniel, Rowe,Low,High,30,4363,01-11-2019
0627892167, Daniel, Rowe,Medium,Medium,938,1261,01-12-2019
0627892167, Daniel, Rowe,Medium,Medium,1394,1252,01-01-2020
0627892167, Daniel, Rowe,Medium,Medium,1347,705,01-02-2020
0627892167, Daniel, Rowe,Medium,Medium,850,579,01-03-2020
0627892167, Daniel, Rowe,Medium,Medium,590,1613,01-04-2020
0627892167, Daniel, Rowe,Medium,Medium,828,1848,01-05-2020
0627892167, Daniel, Rowe,High,Medium,6878,1634,01-06-2020
0627892167, Daniel, Rowe,High,Medium,4000,687,01-07-2020
0627892167, Daniel, Rowe,High,Medium,9728,1527,01-08-2020
0627892167, Daniel, Rowe,High,Medium,6646,1319,01-09-2020
0627892167, Daniel, Rowe,High,Medium,3409,592,01-10-2020
0627892167, Daniel, Rowe,High,Medium,6523,1213,01-11-2020
0627892167, Daniel, Rowe,Medium,Medium,1175,1883,01-12-2020
0627892167, Daniel, Rowe,Medium,Medium,717,1177,01-01-2021
0627892167, Daniel, Rowe,Medium,Medium,1109,1722,01-02-2021
0627892167, Daniel, Rowe,Medium,Medium,1583,844,01-03-2021
0627892167, Daniel, Rowe,Medium,Medium,1137,1480,01-04-2021
0627892167, Daniel, Rowe,High,Medium,4744,582,01-05-2021
0627892167, Daniel, Rowe,High,Medium,7199,1168,01-06-2021
0627892167, Daniel, Rowe,High,Medium,2233,1012,01-07-2021
0627892167, Daniel, Rowe,High,Medium,3327,964,01-08-2021
0627892167, Daniel, Rowe,High,Medium,7179,1465,01-09-2021
0627892167, Daniel, Rowe,High,Medium,6529,1445,01-10-2021
0627892167, Daniel, Rowe,High,Medium,3281,1052,01-11-2021
0627892167, Daniel, Rowe,High,Medium,5237,1860,01-12-2021
0578871866, Phillip, Allen,High,Low,7465,464,01-01-2012
0578871866, Phillip, Allen,High,Low,9347,262,01-02-2012
0578871866, Phillip, Allen,High,Low,2327,359,01-03-2012
0578871866, Phillip, Allen,High,Low,7371,163,01-04-2012
0578871866, Phillip, Allen,High,Low,5939,25,01-05-2012
0578871866, Phillip, Allen,Medium,Low,1485,59,01-06-2012
0578871866, Phillip, Allen,Medium,Low,1758,292,01-07-2012
0578871866, Phillip, Allen,Medium,Low,1675,94,01-08-2012
0578871866, Phillip, Allen,Medium,Low,825,211,01-09-2012
0578871866, Phillip, Allen,Medium,Low,1456,228,01-10-2012
0578871866, Phillip, Allen,Medium,Low,1431,395,01-11-2012
0578871866, Phillip, Allen,Low,Low,194,294,01-12-2012
0578871866, Phillip, Allen,Low,Low,200,350,01-01-2013
0578871866, Phillip, Allen,High,Low,7572,155,01-02-2013
0578871866, Phillip, Allen,High,Low,2828,443,01-03-2013
0578871866, Phillip, Allen,High,Low,6014,81,01-04-2013
0578871866, Phillip, Allen,Medium,High,882,7395,01-05-2013
0578871866, Phillip, Allen,High,High,6750,4402,01-06-2013
0578871866, Phillip, Allen,High,High,4082,8603,01-07-2013
0578871866, Phillip, Allen,High,High,7134,8854,01-08-2013
0578871866, Phillip, Allen,High,High,4916,7740,01-09-2013
0578871866, Phillip, Allen,High,High,8014,9323,01-10-2013
0578871866, Phillip, Allen,High,High,4744,9490,01-11-2013
0578871866, Phillip, Allen,Low,High,264,5287,01-12-2013
0578871866, Phillip, Allen,Low,High,293,5450,01-01-2014
0578871866, Phillip, Allen,Low,High,84,8786,01-02-2014
0578871866, Phillip, Allen,Low,High,328,4554,01-03-2014
0578871866, Phillip, Allen,Low,Medium,302,664,01-04-2014
0578871866, Phillip, Allen,Medium,Medium,1116,1183,01-05-2014
0578871866, Phillip, Allen,Medium,Medium,1952,970,01-06-2014
0578871866, Phillip, Allen,Medium,Medium,1330,1702,01-07-2014
0578871866, Phillip, Allen,Medium,Medium,1902,1520,01-08-2014
0578871866, Phillip, Allen,Medium,Medium,1535,1388,01-09-2014
0578871866, Phillip, Allen,Medium,Medium,1731,1455,01-10-2014
0578871866, Phillip, Allen,Medium,Medium,1108,1768,01-11-2014
0578871866, Phillip, Allen,Medium,Low,706,31,01-12-2014
0578871866, Phillip, Allen,Medium,Low,1358,51,01-01-2015
0578871866, Phillip, Allen,Medium,Low,1482,365,01-02-2015
0578871866, Phillip, Allen,Medium,Low,1030,188,01-03-2015
0578871866, Phillip, Allen,Low,Low,226,329,01-04-2015
0578871866, Phillip, Allen,Low,Low,305,96,01-05-2015
0578871866, Phillip, Allen,Low,Low,252,85,01-06-2015
0578871866, Phillip, Allen,Low,Low,458,63,01-07-2015
0578871866, Phillip, Allen,Low,Low,22,398,01-08-2015
0578871866, Phillip, Allen,Low,Low,404,384,01-09-2015
0578871866, Phillip, Allen,Low,Low,318,323,01-10-2015
0578871866, Phillip, Allen,Low,Low,395,372,01-11-2015
0578871866, Phillip, Allen,Low,Low,249,103,01-12-2015
0578871866, Phillip, Allen,Low,Low,335,351,01-01-2016
0578871866, Phillip, Allen,High,Low,5286,459,01-02-2016
0578871866, Phillip, Allen,Medium,Low,1146,223,01-03-2016
0578871866, Phillip, Allen,Medium,Low,666,247,01-04-2016
0578871866, Phillip, Allen,Medium,Low,1245,200,01-05-2016
0578871866, Phillip, Allen,Medium,Low,1372,15,01-06-2016
0578871866, Phillip, Allen,Medium,Low,1127,402,01-07-2016
0578871866, Phillip, Allen,Medium,Low,1881,157,01-08-2016
0578871866, Phillip, Allen,Medium,Low,1872,473,01-09-2016
0578871866, Phillip, Allen,Low,Low,209,224,01-10-2016
0578871866, Phillip, Allen,Low,Low,413,121,01-11-2016
0578871866, Phillip, Allen,Low,Low,88,35,01-12-2016
0578871866, Phillip, Allen,Low,Low,229,484,01-01-2017
0578871866, Phillip, Allen,Low,High,147,8490,01-02-2017
0578871866, Phillip, Allen,Low,Low,72,355,01-03-2017
0578871866, Phillip, Allen,Low,Low,294,154,01-04-2017
0578871866, Phillip, Allen,Low,Low,160,323,01-05-2017
0578871866, Phillip, Allen,Low,Low,111,375,01-06-2017
0578871866, Phillip, Allen,Low,Medium,94,847,01-07-2017
0578871866, Phillip, Allen,High,Medium,4535,1169,01-08-2017
0578871866, Phillip, Allen,Medium,Low,1540,59,01-09-2017
0578871866, Phillip, Allen,Low,Low,390,313,01-10-2017
0578871866, Phillip, Allen,Low,Low,157,497,01-11-2017
0578871866, Phillip, Allen,Low,Low,165,472,01-12-2017
0578871866, Phillip, Allen,Low,Low,105,93,01-01-2018
0578871866, Phillip, Allen,Low,Low,308,266,01-02-2018
0578871866, Phillip, Allen,Low,Low,403,480,01-03-2018
0578871866, Phillip, Allen,Low,Low,25,86,01-04-2018
0578871866, Phillip, Allen,Low,Low,265,209,01-05-2018
0578871866, Phillip, Allen,Low,Low,424,88,01-06-2018
0578871866, Phillip, Allen,Low,Low,63,473,01-07-2018
0578871866, Phillip, Allen,Low,Low,116,364,01-08-2018
0578871866, Phillip, Allen,High,Low,4693,423,01-09-2018
0578871866, Phillip, Allen,Low,Medium,298,1621,01-10-2018
0578871866, Phillip, Allen,High,Medium,9559,1143,01-11-2018
0578871866, Phillip, Allen,High,Medium,3241,1343,01-12-2018
0578871866, Phillip, Allen,High,Medium,2682,1027,01-01-2019
0578871866, Phillip, Allen,Low,Medium,138,946,01-02-2019
0578871866, Phillip, Allen,Low,Medium,197,1314,01-03-2019
0578871866, Phillip, Allen,Low,Medium,408,932,01-04-2019
0578871866, Phillip, Allen,Medium,Medium,1796,722,01-05-2019
0578871866, Phillip, Allen,Medium,Medium,1152,568,01-06-2019
0578871866, Phillip, Allen,Low,Medium,69,585,01-07-2019
0578871866, Phillip, Allen,Low,Medium,269,1228,01-08-2019
0578871866, Phillip, Allen,Low,Medium,33,1828,01-09-2019
0578871866, Phillip, Allen,Low,Medium,315,1000,01-10-2019
0578871866, Phillip, Allen,Medium,Medium,1798,1150,01-11-2019
0578871866, Phillip, Allen,Medium,Medium,751,961,01-12-2019
0578871866, Phillip, Allen,Medium,Medium,561,1154,01-01-2020
0578871866, Phillip, Allen,Medium,High,1583,9206,01-02-2020
0578871866, Phillip, Allen,Medium,High,1965,7338,01-03-2020
0578871866, Phillip, Allen,Medium,Medium,1051,645,01-04-2020
0578871866, Phillip, Allen,Medium,Medium,823,1651,01-05-2020
0578871866, Phillip, Allen,High,Medium,9970,1515,01-06-2020
0578871866, Phillip, Allen,High,Medium,9236,521,01-07-2020
0578871866, Phillip, Allen,High,Medium,4856,1271,01-08-2020
0578871866, Phillip, Allen,High,Medium,6185,1085,01-09-2020
0578871866, Phillip, Allen,High,Medium,9670,900,01-10-2020
0578871866, Phillip, Allen,High,Medium,2192,1534,01-11-2020
0578871866, Phillip, Allen,High,Medium,8968,1404,01-12-2020
0578871866, Phillip, Allen,High,Medium,2414,1811,01-01-2021
0578871866, Phillip, Allen,High,Medium,4183,749,01-02-2021
0578871866, Phillip, Allen,High,Medium,6093,1800,01-03-2021
0578871866, Phillip, Allen,Medium,Medium,1301,1620,01-04-2021
0578871866, Phillip, Allen,Medium,Medium,1658,1749,01-05-2021
0578871866, Phillip, Allen,Medium,Medium,1646,525,01-06-2021
0578871866, Phillip, Allen,High,Medium,2586,1960,01-07-2021
0578871866, Phillip, Allen,High,Medium,8014,1787,01-08-2021
0578871866, Phillip, Allen,High,Medium,3634,1391,01-09-2021
0578871866, Phillip, Allen,High,Medium,8705,1787,01-10-2021
0578871866, Phillip, Allen,High,Medium,8910,1476,01-11-2021
0578871866, Phillip, Allen,Medium,Medium,1113,839,01-12-2021
1777845416, Debra, Carson,Low,Medium,311,1980,01-01-2012
1777845416, Debra, Carson,Low,Medium,397,1420,01-02-2012
1777845416, Debra, Carson,Low,Medium,34,1197,01-03-2012
1777845416, Debra, Carson,Low,Medium,89,1882,01-04-2012
1777845416, Debra, Carson,Low,Medium,265,1510,01-05-2012
1777845416, Debra, Carson,Low,Medium,63,627,01-06-2012
1777845416, Debra, Carson,Low,Medium,294,1626,01-07-2012
1777845416, Debra, Carson,Low,Medium,69,1992,01-08-2012
1777845416, Debra, Carson,Low,Medium,48,1972,01-09-2012
1777845416, Debra, Carson,Low,High,477,4417,01-10-2012
1777845416, Debra, Carson,Low,High,155,7537,01-11-2012
1777845416, Debra, Carson,Low,High,284,4434,01-12-2012
1777845416, Debra, Carson,Low,High,96,7164,01-01-2013
1777845416, Debra, Carson,Low,High,63,7140,01-02-2013
1777845416, Debra, Carson,Low,High,416,2870,01-03-2013
1777845416, Debra, Carson,Low,High,176,7305,01-04-2013
1777845416, Debra, Carson,Medium,Low,553,498,01-05-2013
1777845416, Debra, Carson,Medium,Low,1346,67,01-06-2013
1777845416, Debra, Carson,Medium,Low,763,335,01-07-2013
1777845416, Debra, Carson,Medium,Low,894,471,01-08-2013
1777845416, Debra, Carson,Medium,Low,1065,299,01-09-2013
1777845416, Debra, Carson,Medium,Low,607,457,01-10-2013
1777845416, Debra, Carson,Low,Low,339,192,01-11-2013
1777845416, Debra, Carson,Low,Low,135,399,01-12-2013
1777845416, Debra, Carson,Low,Medium,391,1699,01-01-2014
1777845416, Debra, Carson,Low,Medium,415,521,01-02-2014
1777845416, Debra, Carson,Low,Medium,180,907,01-03-2014
1777845416, Debra, Carson,Low,Medium,105,620,01-04-2014
1777845416, Debra, Carson,Low,Medium,286,1603,01-05-2014
1777845416, Debra, Carson,Low,Medium,204,1980,01-06-2014
1777845416, Debra, Carson,Low,Medium,251,1130,01-07-2014
1777845416, Debra, Carson,Medium,Medium,1054,673,01-08-2014
1777845416, Debra, Carson,Medium,Medium,1553,959,01-09-2014
1777845416, Debra, Carson,Medium,Medium,778,1634,01-10-2014
1777845416, Debra, Carson,Medium,Medium,905,1885,01-11-2014
1777845416, Debra, Carson,Medium,Medium,876,679,01-12-2014
1777845416, Debra, Carson,Medium,Medium,1314,849,01-01-2015
1777845416, Debra, Carson,Medium,Medium,1924,959,01-02-2015
1777845416, Debra, Carson,Medium,Medium,616,1930,01-03-2015
1777845416, Debra, Carson,High,Medium,8968,1925,01-04-2015
1777845416, Debra, Carson,High,Medium,2713,1607,01-05-2015
1777845416, Debra, Carson,High,Medium,6928,1699,01-06-2015
1777845416, Debra, Carson,High,Medium,2105,1822,01-07-2015
1777845416, Debra, Carson,High,Medium,2784,896,01-08-2015
1777845416, Debra, Carson,Medium,Medium,1977,1444,01-09-2015
1777845416, Debra, Carson,Medium,Medium,1303,580,01-10-2015
1777845416, Debra, Carson,Medium,Medium,853,1474,01-11-2015
1777845416, Debra, Carson,Medium,Medium,1200,1406,01-12-2015
1777845416, Debra, Carson,Medium,Low,1795,420,01-01-2016
1777845416, Debra, Carson,Medium,High,941,6918,01-02-2016
1777845416, Debra, Carson,Medium,High,1777,4912,01-03-2016
1777845416, Debra, Carson,Medium,High,505,7164,01-04-2016
1777845416, Debra, Carson,Medium,High,834,2420,01-05-2016
1777845416, Debra, Carson,Medium,High,1237,8149,01-06-2016
1777845416, Debra, Carson,Medium,High,895,6990,01-07-2016
1777845416, Debra, Carson,Medium,High,1942,4946,01-08-2016
1777845416, Debra, Carson,Medium,High,533,2690,01-09-2016
1777845416, Debra, Carson,Medium,High,559,2813,01-10-2016
1777845416, Debra, Carson,Medium,High,1423,8608,01-11-2016
1777845416, Debra, Carson,Medium,High,804,9975,01-12-2016
1777845416, Debra, Carson,High,High,4494,9575,01-01-2017
1777845416, Debra, Carson,Medium,High,1525,7847,01-02-2017
1777845416, Debra, Carson,Medium,High,709,5254,01-03-2017
1777845416, Debra, Carson,High,High,3930,7068,01-04-2017
1777845416, Debra, Carson,High,High,3867,8342,01-05-2017
1777845416, Debra, Carson,High,High,7038,5777,01-06-2017
1777845416, Debra, Carson,Low,High,39,5252,01-07-2017
1777845416, Debra, Carson,Low,Medium,451,1150,01-08-2017
1777845416, Debra, Carson,High,Medium,4519,648,01-09-2017
1777845416, Debra, Carson,High,Medium,6765,1795,01-10-2017
1777845416, Debra, Carson,High,Medium,2024,1639,01-11-2017
1777845416, Debra, Carson,High,Medium,2418,1971,01-12-2017
1777845416, Debra, Carson,High,Medium,7535,1113,01-01-2018
1777845416, Debra, Carson,High,Medium,5612,1352,01-02-2018
1777845416, Debra, Carson,High,Medium,3557,1194,01-03-2018
1777845416, Debra, Carson,High,Medium,2317,1350,01-04-2018
1777845416, Debra, Carson,High,Medium,4359,604,01-05-2018
1777845416, Debra, Carson,High,High,8260,6793,01-06-2018
1777845416, Debra, Carson,Low,High,445,4474,01-07-2018
1777845416, Debra, Carson,Low,High,291,3666,01-08-2018
1777845416, Debra, Carson,Low,High,183,4142,01-09-2018
1777845416, Debra, Carson,Low,High,451,4070,01-10-2018
1777845416, Debra, Carson,Low,Medium,77,1978,01-11-2018
1777845416, Debra, Carson,Low,Medium,330,1291,01-12-2018
1777845416, Debra, Carson,Medium,Medium,1759,1294,01-01-2019
1777845416, Debra, Carson,Medium,Medium,1967,866,01-02-2019
1777845416, Debra, Carson,Low,Medium,182,2000,01-03-2019
1777845416, Debra, Carson,Low,High,200,5753,01-04-2019
1777845416, Debra, Carson,Low,High,71,4250,01-05-2019
1777845416, Debra, Carson,Low,High,158,2814,01-06-2019
1777845416, Debra, Carson,Low,High,30,4426,01-07-2019
1777845416, Debra, Carson,Low,High,200,9943,01-08-2019
1777845416, Debra, Carson,Medium,High,589,4667,01-09-2019
1777845416, Debra, Carson,Medium,High,1758,4762,01-10-2019
1777845416, Debra, Carson,Low,High,205,6226,01-11-2019
1777845416, Debra, Carson,High,High,3062,7564,01-12-2019
1777845416, Debra, Carson,High,High,9658,3367,01-01-2020
1777845416, Debra, Carson,High,High,2524,5523,01-02-2020
1777845416, Debra, Carson,High,High,5252,9009,01-03-2020
1777845416, Debra, Carson,High,High,2214,3440,01-04-2020
1777845416, Debra, Carson,High,High,5856,2557,01-05-2020
1777845416, Debra, Carson,High,High,9879,8492,01-06-2020
1777845416, Debra, Carson,High,High,4735,8270,01-07-2020
1777845416, Debra, Carson,High,High,8358,5429,01-08-2020
1777845416, Debra, Carson,Medium,High,701,3768,01-09-2020
1777845416, Debra, Carson,Medium,High,597,5579,01-10-2020
1777845416, Debra, Carson,Medium,High,1681,5059,01-11-2020
1777845416, Debra, Carson,Medium,High,607,2368,01-12-2020
1777845416, Debra, Carson,Medium,High,1193,9622,01-01-2021
1777845416, Debra, Carson,Medium,High,583,6934,01-02-2021
1777845416, Debra, Carson,Medium,High,1321,7189,01-03-2021
1777845416, Debra, Carson,Medium,High,505,2117,01-04-2021
1777845416, Debra, Carson,Medium,High,1467,3541,01-05-2021
1777845416, Debra, Carson,Medium,High,732,9083,01-06-2021
1777845416, Debra, Carson,Medium,High,906,6517,01-07-2021
1777845416, Debra, Carson,Medium,High,842,6877,01-08-2021
1777845416, Debra, Carson,Medium,High,1742,6651,01-09-2021
1777845416, Debra, Carson,Medium,High,1246,8419,01-10-2021
1777845416, Debra, Carson,Medium,High,805,5325,01-11-2021
1777845416, Debra, Carson,Medium,High,743,3826,01-12-2021
0448103850, Kimberly, Butler,Medium,Low,1033,132,01-01-2012
0448103850, Kimberly, Butler,Medium,Low,987,371,01-02-2012
0448103850, Kimberly, Butler,Medium,Low,1226,353,01-03-2012
0448103850, Kimberly, Butler,Medium,Low,567,350,01-04-2012
0448103850, Kimberly, Butler,Medium,Low,1886,327,01-05-2012
0448103850, Kimberly, Butler,Medium,High,625,9571,01-06-2012
0448103850, Kimberly, Butler,Medium,High,1920,9534,01-07-2012
0448103850, Kimberly, Butler,Low,High,459,3954,01-08-2012
0448103850, Kimberly, Butler,Low,High,413,3359,01-09-2012
0448103850, Kimberly, Butler,Low,High,371,3170,01-10-2012
0448103850, Kimberly, Butler,Low,High,65,2703,01-11-2012
0448103850, Kimberly, Butler,Low,High,45,9265,01-12-2012
0448103850, Kimberly, Butler,Low,High,205,3523,01-01-2013
0448103850, Kimberly, Butler,Low,High,385,4638,01-02-2013
0448103850, Kimberly, Butler,Low,High,41,3070,01-03-2013
0448103850, Kimberly, Butler,Medium,High,609,5439,01-04-2013
0448103850, Kimberly, Butler,High,High,8878,5394,01-05-2013
0448103850, Kimberly, Butler,High,High,5128,3157,01-06-2013
0448103850, Kimberly, Butler,High,High,6137,8749,01-07-2013
0448103850, Kimberly, Butler,High,High,8453,4838,01-08-2013
0448103850, Kimberly, Butler,Low,High,119,7179,01-09-2013
0448103850, Kimberly, Butler,Medium,High,1091,7201,01-10-2013
0448103850, Kimberly, Butler,Medium,High,1457,5320,01-11-2013
0448103850, Kimberly, Butler,Medium,High,1816,2932,01-12-2013
0448103850, Kimberly, Butler,Medium,High,1354,7777,01-01-2014
0448103850, Kimberly, Butler,High,High,6807,2356,01-02-2014
0448103850, Kimberly, Butler,Low,High,472,3381,01-03-2014
0448103850, Kimberly, Butler,Low,High,470,2695,01-04-2014
0448103850, Kimberly, Butler,Medium,High,1179,4334,01-05-2014
0448103850, Kimberly, Butler,Medium,High,1380,9590,01-06-2014
0448103850, Kimberly, Butler,Medium,High,1322,4497,01-07-2014
0448103850, Kimberly, Butler,High,High,2139,4415,01-08-2014
0448103850, Kimberly, Butler,High,High,2455,2994,01-09-2014
0448103850, Kimberly, Butler,Medium,High,848,2327,01-10-2014
0448103850, Kimberly, Butler,High,High,4760,4133,01-11-2014
0448103850, Kimberly, Butler,High,High,9987,7955,01-12-2014
0448103850, Kimberly, Butler,High,High,5076,2990,01-01-2015
0448103850, Kimberly, Butler,High,High,6279,8845,01-02-2015
0448103850, Kimberly, Butler,High,High,2998,2247,01-03-2015
0448103850, Kimberly, Butler,High,High,4028,8502,01-04-2015
0448103850, Kimberly, Butler,High,High,3946,8429,01-05-2015
0448103850, Kimberly, Butler,Medium,High,908,7129,01-06-2015
0448103850, Kimberly, Butler,Medium,High,841,2366,01-07-2015
0448103850, Kimberly, Butler,Medium,High,773,4535,01-08-2015
0448103850, Kimberly, Butler,Medium,High,1531,4977,01-09-2015
0448103850, Kimberly, Butler,Medium,Low,1781,13,01-10-2015
0448103850, Kimberly, Butler,High,Low,3058,265,01-11-2015
0448103850, Kimberly, Butler,High,Medium,3291,686,01-12-2015
0448103850, Kimberly, Butler,Medium,Medium,685,518,01-01-2016
0448103850, Kimberly, Butler,Medium,High,1312,2446,01-02-2016
0448103850, Kimberly, Butler,Medium,Medium,1414,1595,01-03-2016
0448103850, Kimberly, Butler,Medium,Medium,1522,1332,01-04-2016
0448103850, Kimberly, Butler,Medium,Medium,932,1050,01-05-2016
0448103850, Kimberly, Butler,Medium,Medium,1219,1729,01-06-2016
0448103850, Kimberly, Butler,Medium,Medium,1369,1952,01-07-2016
0448103850, Kimberly, Butler,Medium,Medium,702,1023,01-08-2016
0448103850, Kimberly, Butler,Medium,Medium,835,579,01-09-2016
0448103850, Kimberly, Butler,Medium,Medium,1136,808,01-10-2016
0448103850, Kimberly, Butler,Medium,Medium,1417,1643,01-11-2016
0448103850, Kimberly, Butler,Medium,Medium,614,1250,01-12-2016
0448103850, Kimberly, Butler,Medium,Medium,1510,1745,01-01-2017
0448103850, Kimberly, Butler,High,Medium,3377,1991,01-02-2017
0448103850, Kimberly, Butler,High,Medium,7535,1609,01-03-2017
0448103850, Kimberly, Butler,Medium,Medium,777,589,01-04-2017
0448103850, Kimberly, Butler,Medium,Medium,1598,594,01-05-2017
0448103850, Kimberly, Butler,Medium,Medium,1184,1609,01-06-2017
0448103850, Kimberly, Butler,Medium,Medium,1037,1956,01-07-2017
0448103850, Kimberly, Butler,Medium,Medium,1648,1008,01-08-2017
0448103850, Kimberly, Butler,Medium,Medium,1407,1762,01-09-2017
0448103850, Kimberly, Butler,Medium,Medium,1825,1075,01-10-2017
0448103850, Kimberly, Butler,Medium,Medium,1791,674,01-11-2017
0448103850, Kimberly, Butler,Medium,Medium,1656,1182,01-12-2017
0448103850, Kimberly, Butler,High,Medium,3416,1778,01-01-2018
0448103850, Kimberly, Butler,High,Medium,6556,1415,01-02-2018
0448103850, Kimberly, Butler,High,Medium,3614,936,01-03-2018
0448103850, Kimberly, Butler,High,Medium,6834,1368,01-04-2018
0448103850, Kimberly, Butler,High,Medium,5143,902,01-05-2018
0448103850, Kimberly, Butler,High,Medium,4451,1643,01-06-2018
0448103850, Kimberly, Butler,Low,Medium,255,1477,01-07-2018
0448103850, Kimberly, Butler,High,Medium,6445,1802,01-08-2018
0448103850, Kimberly, Butler,High,Medium,9999,558,01-09-2018
0448103850, Kimberly, Butler,High,Medium,9122,544,01-10-2018
0448103850, Kimberly, Butler,High,Medium,9878,717,01-11-2018
0448103850, Kimberly, Butler,High,Medium,8779,1826,01-12-2018
0448103850, Kimberly, Butler,High,Medium,7960,862,01-01-2019
0448103850, Kimberly, Butler,Low,Medium,398,1273,01-02-2019
0448103850, Kimberly, Butler,Low,Medium,378,1084,01-03-2019
0448103850, Kimberly, Butler,Medium,Medium,740,1168,01-04-2019
0448103850, Kimberly, Butler,Medium,High,527,6890,01-05-2019
0448103850, Kimberly, Butler,High,High,2591,6527,01-06-2019
0448103850, Kimberly, Butler,High,High,6239,8738,01-07-2019
0448103850, Kimberly, Butler,High,High,4541,3925,01-08-2019
0448103850, Kimberly, Butler,High,High,9824,6017,01-09-2019
0448103850, Kimberly, Butler,Medium,High,1980,9910,01-10-2019
0448103850, Kimberly, Butler,Medium,High,1649,3939,01-11-2019
0448103850, Kimberly, Butler,Medium,High,1912,2539,01-12-2019
0448103850, Kimberly, Butler,High,High,2258,9379,01-01-2020
0448103850, Kimberly, Butler,Medium,High,1706,6310,01-02-2020
0448103850, Kimberly, Butler,Medium,High,595,2432,01-03-2020
0448103850, Kimberly, Butler,Medium,High,1265,5211,01-04-2020
0448103850, Kimberly, Butler,High,High,5041,2966,01-05-2020
0448103850, Kimberly, Butler,Medium,High,1634,3936,01-06-2020
0448103850, Kimberly, Butler,Low,High,321,4025,01-07-2020
0448103850, Kimberly, Butler,Low,High,53,8330,01-08-2020
0448103850, Kimberly, Butler,Low,High,267,5595,01-09-2020
0448103850, Kimberly, Butler,High,High,2285,2082,01-10-2020
0448103850, Kimberly, Butler,High,High,9400,5311,01-11-2020
0448103850, Kimberly, Butler,Low,High,402,7971,01-12-2020
0448103850, Kimberly, Butler,High,High,2456,4477,01-01-2021
0448103850, Kimberly, Butler,High,High,2020,9243,01-02-2021
0448103850, Kimberly, Butler,High,High,7436,2746,01-03-2021
0448103850, Kimberly, Butler,High,High,6527,5034,01-04-2021
0448103850, Kimberly, Butler,High,High,6729,7147,01-05-2021
0448103850, Kimberly, Butler,High,High,8028,6682,01-06-2021
0448103850, Kimberly, Butler,Low,High,77,6362,01-07-2021
0448103850, Kimberly, Butler,Low,High,117,8566,01-08-2021
0448103850, Kimberly, Butler,Low,High,112,5268,01-09-2021
0448103850, Kimberly, Butler,Low,High,261,5138,01-10-2021
0448103850, Kimberly, Butler,Low,High,328,3420,01-11-2021
0448103850, Kimberly, Butler,Low,High,304,3928,01-12-2021
1978016417, Derrick, Williams,Medium,Medium,655,541,01-01-2012
1978016417, Derrick, Williams,Medium,Medium,602,778,01-02-2012
1978016417, Derrick, Williams,Medium,Medium,982,1042,01-03-2012
1978016417, Derrick, Williams,Medium,Medium,1163,1161,01-04-2012
1978016417, Derrick, Williams,Medium,Medium,551,743,01-05-2012
1978016417, Derrick, Williams,Medium,Medium,1069,1021,01-06-2012
1978016417, Derrick, Williams,Medium,Medium,1147,1872,01-07-2012
1978016417, Derrick, Williams,Medium,Medium,859,1913,01-08-2012
1978016417, Derrick, Williams,Medium,Medium,1165,1749,01-09-2012
1978016417, Derrick, Williams,Medium,Medium,781,1114,01-10-2012
1978016417, Derrick, Williams,Medium,Medium,1634,1682,01-11-2012
1978016417, Derrick, Williams,Medium,Medium,1544,1490,01-12-2012
1978016417, Derrick, Williams,Medium,Medium,1676,1509,01-01-2013
1978016417, Derrick, Williams,Medium,Medium,1210,1988,01-02-2013
1978016417, Derrick, Williams,Medium,Medium,1055,1959,01-03-2013
1978016417, Derrick, Williams,Medium,Medium,1824,1154,01-04-2013
1978016417, Derrick, Williams,Medium,Medium,1947,1509,01-05-2013
1978016417, Derrick, Williams,Medium,High,1962,6278,01-06-2013
1978016417, Derrick, Williams,Low,High,407,4853,01-07-2013
1978016417, Derrick, Williams,Low,High,70,4073,01-08-2013
1978016417, Derrick, Williams,Low,High,425,6997,01-09-2013
1978016417, Derrick, Williams,Low,High,355,7243,01-10-2013
1978016417, Derrick, Williams,Low,High,239,6240,01-11-2013
1978016417, Derrick, Williams,Low,High,185,8736,01-12-2013
1978016417, Derrick, Williams,Low,High,161,4209,01-01-2014
1978016417, Derrick, Williams,Low,High,399,6825,01-02-2014
1978016417, Derrick, Williams,Low,High,75,2587,01-03-2014
1978016417, Derrick, Williams,Low,High,47,6989,01-04-2014
1978016417, Derrick, Williams,Low,High,461,7203,01-05-2014
1978016417, Derrick, Williams,Low,High,325,9474,01-06-2014
1978016417, Derrick, Williams,Low,High,500,5679,01-07-2014
1978016417, Derrick, Williams,Low,High,172,2704,01-08-2014
1978016417, Derrick, Williams,High,High,2319,8088,01-09-2014
1978016417, Derrick, Williams,High,High,8063,4918,01-10-2014
1978016417, Derrick, Williams,High,High,3246,6233,01-11-2014
1978016417, Derrick, Williams,High,High,7473,6917,01-12-2014
1978016417, Derrick, Williams,High,High,5112,8201,01-01-2015
1978016417, Derrick, Williams,High,High,5198,9869,01-02-2015
1978016417, Derrick, Williams,Medium,High,951,3765,01-03-2015
1978016417, Derrick, Williams,Medium,High,1077,2845,01-04-2015
1978016417, Derrick, Williams,Medium,High,1109,2345,01-05-2015
1978016417, Derrick, Williams,Medium,High,1182,7309,01-06-2015
1978016417, Derrick, Williams,Medium,High,993,7404,01-07-2015
1978016417, Derrick, Williams,Medium,High,1535,8585,01-08-2015
1978016417, Derrick, Williams,Medium,High,1398,8496,01-09-2015
1978016417, Derrick, Williams,Medium,High,1163,3096,01-10-2015
1978016417, Derrick, Williams,Medium,High,1615,3509,01-11-2015
1978016417, Derrick, Williams,Medium,High,1749,7902,01-12-2015
1978016417, Derrick, Williams,Medium,High,1157,7285,01-01-2016
1978016417, Derrick, Williams,High,High,5384,2458,01-02-2016
1978016417, Derrick, Williams,High,High,5811,7211,01-03-2016
1978016417, Derrick, Williams,High,Medium,4415,1409,01-04-2016
1978016417, Derrick, Williams,High,Medium,5744,1344,01-05-2016
1978016417, Derrick, Williams,High,Medium,3360,1737,01-06-2016
1978016417, Derrick, Williams,High,Medium,5832,1619,01-07-2016
1978016417, Derrick, Williams,High,Medium,3726,501,01-08-2016
1978016417, Derrick, Williams,High,Medium,2419,768,01-09-2016
1978016417, Derrick, Williams,Low,Medium,61,858,01-10-2016
1978016417, Derrick, Williams,Low,Medium,197,1835,01-11-2016
1978016417, Derrick, Williams,Low,Medium,458,1397,01-12-2016
1978016417, Derrick, Williams,Low,Medium,143,684,01-01-2017
1978016417, Derrick, Williams,Low,Medium,356,953,01-02-2017
1978016417, Derrick, Williams,Low,Medium,357,1187,01-03-2017
1978016417, Derrick, Williams,Low,Medium,500,2000,01-04-2017
1978016417, Derrick, Williams,Low,Medium,137,1172,01-05-2017
1978016417, Derrick, Williams,Low,Medium,290,1525,01-06-2017
1978016417, Derrick, Williams,Low,Medium,427,1775,01-07-2017
1978016417, Derrick, Williams,Low,Medium,81,988,01-08-2017
1978016417, Derrick, Williams,Low,Medium,144,593,01-09-2017
1978016417, Derrick, Williams,Medium,Medium,608,516,01-10-2017
1978016417, Derrick, Williams,Medium,Medium,566,1900,01-11-2017
1978016417, Derrick, Williams,Medium,Medium,1310,1319,01-12-2017
1978016417, Derrick, Williams,Medium,Medium,1862,928,01-01-2018
1978016417, Derrick, Williams,Low,Medium,355,1799,01-02-2018
1978016417, Derrick, Williams,Low,Medium,199,1289,01-03-2018
1978016417, Derrick, Williams,Low,Medium,244,1277,01-04-2018
1978016417, Derrick, Williams,Low,Medium,472,1838,01-05-2018
1978016417, Derrick, Williams,Medium,High,1745,2826,01-06-2018
1978016417, Derrick, Williams,Medium,High,1659,5855,01-07-2018
1978016417, Derrick, Williams,Medium,High,807,2955,01-08-2018
1978016417, Derrick, Williams,Medium,High,1666,3210,01-09-2018
1978016417, Derrick, Williams,Medium,High,1395,5467,01-10-2018
1978016417, Derrick, Williams,Medium,High,1907,6512,01-11-2018
1978016417, Derrick, Williams,Medium,High,562,2298,01-12-2018
1978016417, Derrick, Williams,High,High,6580,3256,01-01-2019
1978016417, Derrick, Williams,High,High,3211,9248,01-02-2019
1978016417, Derrick, Williams,High,High,2550,7186,01-03-2019
1978016417, Derrick, Williams,High,High,9763,3038,01-04-2019
1978016417, Derrick, Williams,High,High,4178,9212,01-05-2019
1978016417, Derrick, Williams,High,High,8099,3522,01-06-2019
1978016417, Derrick, Williams,High,High,9127,8655,01-07-2019
1978016417, Derrick, Williams,High,High,2896,7851,01-08-2019
1978016417, Derrick, Williams,High,High,6864,6176,01-09-2019
1978016417, Derrick, Williams,High,High,4364,5163,01-10-2019
1978016417, Derrick, Williams,High,High,8835,9229,01-11-2019
1978016417, Derrick, Williams,High,High,4092,5852,01-12-2019
1978016417, Derrick, Williams,High,High,8110,4282,01-01-2020
1978016417, Derrick, Williams,Low,High,254,8070,01-02-2020
1978016417, Derrick, Williams,Low,High,460,6997,01-03-2020
1978016417, Derrick, Williams,Low,High,453,8709,01-04-2020
1978016417, Derrick, Williams,Low,High,192,4164,01-05-2020
1978016417, Derrick, Williams,Low,High,322,9862,01-06-2020
1978016417, Derrick, Williams,Low,High,216,9007,01-07-2020
1978016417, Derrick, Williams,Low,High,20,9095,01-08-2020
1978016417, Derrick, Williams,Low,High,463,2567,01-09-2020
1978016417, Derrick, Williams,Low,High,82,2985,01-10-2020
1978016417, Derrick, Williams,Medium,High,1547,4807,01-11-2020
1978016417, Derrick, Williams,Medium,High,1870,4888,01-12-2020
1978016417, Derrick, Williams,Medium,High,545,3101,01-01-2021
1978016417, Derrick, Williams,Medium,High,1681,8943,01-02-2021
1978016417, Derrick, Williams,Medium,High,1297,5913,01-03-2021
1978016417, Derrick, Williams,Low,High,122,7218,01-04-2021
1978016417, Derrick, Williams,Low,High,122,9458,01-05-2021
1978016417, Derrick, Williams,Low,High,107,9396,01-06-2021
1978016417, Derrick, Williams,Low,High,415,9723,01-07-2021
1978016417, Derrick, Williams,Low,High,222,9224,01-08-2021
1978016417, Derrick, Williams,Low,High,154,8841,01-09-2021
1978016417, Derrick, Williams,Low,Low,310,214,01-10-2021
1978016417, Derrick, Williams,Low,Low,135,486,01-11-2021
1978016417, Derrick, Williams,Low,Medium,62,1086,01-12-2021
1767857853, Hannah, Coleman,Medium,Low,1756,340,01-01-2012
1767857853, Hannah, Coleman,High,Low,6584,326,01-02-2012
1767857853, Hannah, Coleman,High,High,4104,2609,01-03-2012
1767857853, Hannah, Coleman,High,High,2728,8467,01-04-2012
1767857853, Hannah, Coleman,Medium,High,507,4783,01-05-2012
1767857853, Hannah, Coleman,Medium,High,1047,7978,01-06-2012
1767857853, Hannah, Coleman,Medium,High,936,4543,01-07-2012
1767857853, Hannah, Coleman,Medium,High,1354,6271,01-08-2012
1767857853, Hannah, Coleman,Medium,High,1470,8346,01-09-2012
1767857853, Hannah, Coleman,Medium,High,509,9256,01-10-2012
1767857853, Hannah, Coleman,Medium,High,1756,8366,01-11-2012
1767857853, Hannah, Coleman,Medium,High,1446,2774,01-12-2012
1767857853, Hannah, Coleman,Medium,High,765,4361,01-01-2013
1767857853, Hannah, Coleman,Medium,High,1085,7162,01-02-2013
1767857853, Hannah, Coleman,Medium,High,1934,8211,01-03-2013
1767857853, Hannah, Coleman,Medium,High,1256,8713,01-04-2013
1767857853, Hannah, Coleman,Medium,High,1486,2099,01-05-2013
1767857853, Hannah, Coleman,Medium,High,1346,9893,01-06-2013
1767857853, Hannah, Coleman,Medium,High,1221,5159,01-07-2013
1767857853, Hannah, Coleman,High,High,2551,5028,01-08-2013
1767857853, Hannah, Coleman,High,High,6849,3484,01-09-2013
1767857853, Hannah, Coleman,High,High,2599,5070,01-10-2013
1767857853, Hannah, Coleman,High,High,5668,2248,01-11-2013
1767857853, Hannah, Coleman,Low,High,358,9472,01-12-2013
1767857853, Hannah, Coleman,Low,High,197,3773,01-01-2014
1767857853, Hannah, Coleman,Low,High,148,5493,01-02-2014
1767857853, Hannah, Coleman,Low,High,77,3937,01-03-2014
1767857853, Hannah, Coleman,Low,High,97,3556,01-04-2014
1767857853, Hannah, Coleman,Low,High,304,2622,01-05-2014
1767857853, Hannah, Coleman,Low,High,182,7310,01-06-2014
1767857853, Hannah, Coleman,Low,High,313,9342,01-07-2014
1767857853, Hannah, Coleman,High,High,4311,4974,01-08-2014
1767857853, Hannah, Coleman,High,High,4709,9901,01-09-2014
1767857853, Hannah, Coleman,High,High,4975,8988,01-10-2014
1767857853, Hannah, Coleman,High,High,5916,6963,01-11-2014
1767857853, Hannah, Coleman,High,High,9358,7965,01-12-2014
1767857853, Hannah, Coleman,High,High,7900,8787,01-01-2015
1767857853, Hannah, Coleman,High,High,8927,3305,01-02-2015
1767857853, Hannah, Coleman,High,High,3885,7728,01-03-2015
1767857853, Hannah, Coleman,Low,High,58,5522,01-04-2015
1767857853, Hannah, Coleman,Low,High,489,8034,01-05-2015
1767857853, Hannah, Coleman,Low,High,257,4333,01-06-2015
1767857853, Hannah, Coleman,Low,High,300,7438,01-07-2015
1767857853, Hannah, Coleman,Low,High,150,9903,01-08-2015
1767857853, Hannah, Coleman,Low,High,12,2022,01-09-2015
1767857853, Hannah, Coleman,Medium,High,1815,2250,01-10-2015
1767857853, Hannah, Coleman,Medium,High,1328,4478,01-11-2015
1767857853, Hannah, Coleman,High,High,2128,8226,01-12-2015
1767857853, Hannah, Coleman,Low,High,229,5263,01-01-2016
1767857853, Hannah, Coleman,Low,High,35,6142,01-02-2016
1767857853, Hannah, Coleman,Low,High,421,6041,01-03-2016
1767857853, Hannah, Coleman,Low,High,29,2416,01-04-2016
1767857853, Hannah, Coleman,High,Medium,9726,935,01-05-2016
1767857853, Hannah, Coleman,Low,Medium,320,1546,01-06-2016
1767857853, Hannah, Coleman,High,High,6584,5579,01-07-2016
1767857853, Hannah, Coleman,High,High,4089,9846,01-08-2016
1767857853, Hannah, Coleman,High,High,5025,7215,01-09-2016
1767857853, Hannah, Coleman,High,High,3971,4394,01-10-2016
1767857853, Hannah, Coleman,High,High,8122,2313,01-11-2016
1767857853, Hannah, Coleman,High,High,7008,5994,01-12-2016
1767857853, Hannah, Coleman,High,High,2692,5592,01-01-2017
1767857853, Hannah, Coleman,High,High,8383,6860,01-02-2017
1767857853, Hannah, Coleman,High,High,9211,6010,01-03-2017
1767857853, Hannah, Coleman,High,High,6444,6147,01-04-2017
1767857853, Hannah, Coleman,High,Low,8014,237,01-05-2017
1767857853, Hannah, Coleman,High,Low,2732,11,01-06-2017
1767857853, Hannah, Coleman,High,Low,8468,478,01-07-2017
1767857853, Hannah, Coleman,High,Low,4649,148,01-08-2017
1767857853, Hannah, Coleman,High,Low,7378,136,01-09-2017
1767857853, Hannah, Coleman,High,Low,5499,173,01-10-2017
1767857853, Hannah, Coleman,Low,Low,66,96,01-11-2017
1767857853, Hannah, Coleman,Low,Low,360,113,01-12-2017
1767857853, Hannah, Coleman,Low,Low,141,487,01-01-2018
1767857853, Hannah, Coleman,Medium,Low,922,218,01-02-2018
1767857853, Hannah, Coleman,Medium,Low,1722,118,01-03-2018
1767857853, Hannah, Coleman,Medium,Low,1007,345,01-04-2018
1767857853, Hannah, Coleman,Medium,Low,1267,33,01-05-2018
1767857853, Hannah, Coleman,Low,Low,500,383,01-06-2018
1767857853, Hannah, Coleman,Low,Low,130,127,01-07-2018
1767857853, Hannah, Coleman,Low,Low,216,203,01-08-2018
1767857853, Hannah, Coleman,Low,Low,149,251,01-09-2018
1767857853, Hannah, Coleman,Low,Low,467,190,01-10-2018
1767857853, Hannah, Coleman,High,Low,4967,351,01-11-2018
1767857853, Hannah, Coleman,High,Low,7761,417,01-12-2018
1767857853, Hannah, Coleman,High,Low,3678,310,01-01-2019
1767857853, Hannah, Coleman,Medium,Medium,796,1434,01-02-2019
1767857853, Hannah, Coleman,Medium,Medium,728,1422,01-03-2019
1767857853, Hannah, Coleman,High,Medium,7410,1606,01-04-2019
1767857853, Hannah, Coleman,Low,Medium,437,1436,01-05-2019
1767857853, Hannah, Coleman,Low,Medium,428,967,01-06-2019
1767857853, Hannah, Coleman,High,Medium,3836,1994,01-07-2019
1767857853, Hannah, Coleman,Medium,Medium,1597,1159,01-08-2019
1767857853, Hannah, Coleman,High,Medium,3404,938,01-09-2019
1767857853, Hannah, Coleman,Medium,Medium,929,1053,01-10-2019
1767857853, Hannah, Coleman,Medium,Medium,1508,610,01-11-2019
1767857853, Hannah, Coleman,Medium,Medium,1747,1009,01-12-2019
1767857853, Hannah, Coleman,High,Medium,7029,1006,01-01-2020
1767857853, Hannah, Coleman,High,Medium,9204,782,01-02-2020
1767857853, Hannah, Coleman,High,Medium,3388,1543,01-03-2020
1767857853, Hannah, Coleman,High,High,7114,2225,01-04-2020
1767857853, Hannah, Coleman,High,Medium,3971,1867,01-05-2020
1767857853, Hannah, Coleman,Low,Medium,171,675,01-06-2020
1767857853, Hannah, Coleman,Low,Medium,395,1565,01-07-2020
1767857853, Hannah, Coleman,Low,Medium,469,1710,01-08-2020
1767857853, Hannah, Coleman,Low,Medium,24,786,01-09-2020
1767857853, Hannah, Coleman,Medium,Medium,1456,1351,01-10-2020
1767857853, Hannah, Coleman,Low,Medium,323,1032,01-11-2020
1767857853, Hannah, Coleman,Low,Medium,59,1442,01-12-2020
1767857853, Hannah, Coleman,Low,Medium,249,1107,01-01-2021
1767857853, Hannah, Coleman,Low,Medium,421,1372,01-02-2021
1767857853, Hannah, Coleman,Low,Medium,232,1747,01-03-2021
1767857853, Hannah, Coleman,Low,Medium,279,562,01-04-2021
1767857853, Hannah, Coleman,Medium,Medium,1314,1704,01-05-2021
1767857853, Hannah, Coleman,Medium,Medium,1556,602,01-06-2021
1767857853, Hannah, Coleman,Medium,Medium,1441,754,01-07-2021
1767857853, Hannah, Coleman,Medium,Medium,802,959,01-08-2021
1767857853, Hannah, Coleman,Medium,Medium,917,1164,01-09-2021
1767857853, Hannah, Coleman,Medium,Medium,1176,922,01-10-2021
1767857853, Hannah, Coleman,Medium,Medium,1658,891,01-11-2021
1767857853, Hannah, Coleman,High,Medium,9112,904,01-12-2021
1259477169, Scott, Allen,Low,Medium,311,561,01-01-2012
1259477169, Scott, Allen,Low,Medium,241,1013,01-02-2012
1259477169, Scott, Allen,Medium,Medium,1800,1278,01-03-2012
1259477169, Scott, Allen,Medium,Medium,859,766,01-04-2012
1259477169, Scott, Allen,Medium,Medium,1012,570,01-05-2012
1259477169, Scott, Allen,Low,Medium,448,1902,01-06-2012
1259477169, Scott, Allen,Medium,Medium,1118,1287,01-07-2012
1259477169, Scott, Allen,Medium,Medium,1789,807,01-08-2012
1259477169, Scott, Allen,Medium,Medium,1377,1593,01-09-2012
1259477169, Scott, Allen,Low,Medium,306,603,01-10-2012
1259477169, Scott, Allen,Low,High,215,3282,01-11-2012
1259477169, Scott, Allen,Low,High,334,2936,01-12-2012
1259477169, Scott, Allen,Low,High,209,5883,01-01-2013
1259477169, Scott, Allen,Low,High,284,9532,01-02-2013
1259477169, Scott, Allen,High,High,6690,3450,01-03-2013
1259477169, Scott, Allen,Medium,High,1283,9617,01-04-2013
1259477169, Scott, Allen,High,High,7595,3582,01-05-2013
1259477169, Scott, Allen,Medium,High,1443,8753,01-06-2013
1259477169, Scott, Allen,Medium,High,1434,2041,01-07-2013
1259477169, Scott, Allen,Medium,High,1448,7928,01-08-2013
1259477169, Scott, Allen,Low,High,219,9123,01-09-2013
1259477169, Scott, Allen,High,High,5809,7500,01-10-2013
1259477169, Scott, Allen,High,High,9975,9047,01-11-2013
1259477169, Scott, Allen,High,High,8781,8262,01-12-2013
1259477169, Scott, Allen,High,High,4134,2660,01-01-2014
1259477169, Scott, Allen,High,High,9341,4050,01-02-2014
1259477169, Scott, Allen,High,High,7305,9571,01-03-2014
1259477169, Scott, Allen,High,High,6438,5225,01-04-2014
1259477169, Scott, Allen,High,High,5293,3872,01-05-2014
1259477169, Scott, Allen,High,High,3640,2849,01-06-2014
1259477169, Scott, Allen,High,High,9680,3851,01-07-2014
1259477169, Scott, Allen,High,High,2199,2913,01-08-2014
1259477169, Scott, Allen,Medium,High,880,2490,01-09-2014
1259477169, Scott, Allen,Low,High,308,6636,01-10-2014
1259477169, Scott, Allen,Low,High,491,4981,01-11-2014
1259477169, Scott, Allen,Low,High,235,7971,01-12-2014
1259477169, Scott, Allen,Medium,High,1118,4738,01-01-2015
1259477169, Scott, Allen,Medium,High,864,6228,01-02-2015
1259477169, Scott, Allen,High,High,6152,9427,01-03-2015
1259477169, Scott, Allen,High,High,5866,2576,01-04-2015
1259477169, Scott, Allen,High,High,2659,6660,01-05-2015
1259477169, Scott, Allen,High,High,2309,8177,01-06-2015
1259477169, Scott, Allen,Medium,High,1584,2776,01-07-2015
1259477169, Scott, Allen,Medium,High,1056,4725,01-08-2015
1259477169, Scott, Allen,High,High,5944,6144,01-09-2015
1259477169, Scott, Allen,High,High,7254,8947,01-10-2015
1259477169, Scott, Allen,High,High,4014,9296,01-11-2015
1259477169, Scott, Allen,Low,High,96,7494,01-12-2015
1259477169, Scott, Allen,Low,High,143,5841,01-01-2016
1259477169, Scott, Allen,Low,High,152,8976,01-02-2016
1259477169, Scott, Allen,Low,High,439,2417,01-03-2016
1259477169, Scott, Allen,Low,High,111,8744,01-04-2016
1259477169, Scott, Allen,Low,High,157,9958,01-05-2016
1259477169, Scott, Allen,Low,High,257,6457,01-06-2016
1259477169, Scott, Allen,Low,High,300,3573,01-07-2016
1259477169, Scott, Allen,High,High,2389,6764,01-08-2016
1259477169, Scott, Allen,High,High,2123,9582,01-09-2016
1259477169, Scott, Allen,High,High,6824,5623,01-10-2016
1259477169, Scott, Allen,High,High,9689,7576,01-11-2016
1259477169, Scott, Allen,Medium,High,794,8167,01-12-2016
1259477169, Scott, Allen,Medium,Medium,523,1483,01-01-2017
1259477169, Scott, Allen,Medium,Medium,1704,736,01-02-2017
1259477169, Scott, Allen,Medium,Medium,1169,688,01-03-2017
1259477169, Scott, Allen,Medium,Medium,1481,881,01-04-2017
1259477169, Scott, Allen,Medium,Medium,1125,1739,01-05-2017
1259477169, Scott, Allen,Medium,Medium,1683,673,01-06-2017
1259477169, Scott, Allen,Medium,Medium,990,1929,01-07-2017
1259477169, Scott, Allen,Medium,Medium,1659,1840,01-08-2017
1259477169, Scott, Allen,Medium,Medium,1478,766,01-09-2017
1259477169, Scott, Allen,Medium,Medium,782,1147,01-10-2017
1259477169, Scott, Allen,Medium,Medium,1992,1294,01-11-2017
1259477169, Scott, Allen,Medium,Medium,1096,1045,01-12-2017
1259477169, Scott, Allen,Medium,Medium,1794,765,01-01-2018
1259477169, Scott, Allen,Medium,Medium,723,731,01-02-2018
1259477169, Scott, Allen,Medium,Medium,1587,887,01-03-2018
1259477169, Scott, Allen,Medium,Medium,1529,1958,01-04-2018
1259477169, Scott, Allen,Medium,Medium,1517,1788,01-05-2018
1259477169, Scott, Allen,Medium,Medium,1855,1910,01-06-2018
1259477169, Scott, Allen,Medium,Medium,1039,1366,01-07-2018
1259477169, Scott, Allen,Medium,Medium,580,505,01-08-2018
1259477169, Scott, Allen,Low,Medium,195,1446,01-09-2018
1259477169, Scott, Allen,Low,Medium,351,1561,01-10-2018
1259477169, Scott, Allen,Low,Medium,235,1155,01-11-2018
1259477169, Scott, Allen,Medium,Medium,1055,1384,01-12-2018
1259477169, Scott, Allen,High,Medium,6982,1171,01-01-2019
1259477169, Scott, Allen,High,Medium,3402,1030,01-02-2019
1259477169, Scott, Allen,High,High,8003,6421,01-03-2019
1259477169, Scott, Allen,High,High,6593,4696,01-04-2019
1259477169, Scott, Allen,High,High,7486,2408,01-05-2019
1259477169, Scott, Allen,High,High,7118,7545,01-06-2019
1259477169, Scott, Allen,High,High,9488,5120,01-07-2019
1259477169, Scott, Allen,Medium,High,725,9240,01-08-2019
1259477169, Scott, Allen,Medium,High,1883,6357,01-09-2019
1259477169, Scott, Allen,Low,High,378,5788,01-10-2019
1259477169, Scott, Allen,Low,High,309,6507,01-11-2019
1259477169, Scott, Allen,Low,High,285,5386,01-12-2019
1259477169, Scott, Allen,Low,Medium,179,1111,01-01-2020
1259477169, Scott, Allen,Medium,Medium,1387,1210,01-02-2020
1259477169, Scott, Allen,Medium,Medium,544,1080,01-03-2020
1259477169, Scott, Allen,Medium,Medium,1661,1343,01-04-2020
1259477169, Scott, Allen,Medium,Medium,635,1308,01-05-2020
1259477169, Scott, Allen,Medium,Medium,1674,1233,01-06-2020
1259477169, Scott, Allen,Medium,Medium,1489,885,01-07-2020
1259477169, Scott, Allen,Medium,Medium,689,712,01-08-2020
1259477169, Scott, Allen,Medium,Medium,579,1460,01-09-2020
1259477169, Scott, Allen,Medium,Medium,1281,1418,01-10-2020
1259477169, Scott, Allen,Medium,Medium,1472,1104,01-11-2020
1259477169, Scott, Allen,Medium,Medium,1642,719,01-12-2020
1259477169, Scott, Allen,Medium,Medium,1851,908,01-01-2021
1259477169, Scott, Allen,Medium,Medium,763,726,01-02-2021
1259477169, Scott, Allen,High,High,8054,4463,01-03-2021
1259477169, Scott, Allen,High,High,4938,6120,01-04-2021
1259477169, Scott, Allen,Low,High,68,2809,01-05-2021
1259477169, Scott, Allen,Low,High,416,2704,01-06-2021
1259477169, Scott, Allen,Low,High,403,4254,01-07-2021
1259477169, Scott, Allen,Low,High,284,4927,01-08-2021
1259477169, Scott, Allen,Low,High,216,5829,01-09-2021
1259477169, Scott, Allen,Low,High,203,5131,01-10-2021
1259477169, Scott, Allen,High,High,5338,7949,01-11-2021
1259477169, Scott, Allen,High,High,2394,9775,01-12-2021
